run_id,repeat,duration_s,source_kind,source_resolution_deg,report_path,report_sha256,entry_t1_deg,final_t1_deg,change_t1_deg,old_gamma_t1_deg,entry_t2_deg,final_t2_deg,change_t2_deg,old_gamma_t2_deg,entry_n_deg,final_n_deg,change_n_deg,old_gamma_n_deg,entry_total_deg,final_total_deg,reduction_abs_t1_deg,crossed_t1_zero
P6_zero_p000,r01,5,terminal_normal_vector_endpoints,0.01,C:\Users\USER\Desktop\Thesis_Final_Control\experiments\results\P6_zero_p000\r01\terminal.log,d94ac3c49acff22817bd9a3cfd9603f729365d16db93af7bf110b1418e86898c,0.7,1.64,0.94,-0.943528318262,0.28,1.63,1.35,-1.35210018191,0,-0,-0,-0.0383519130743,0.75,2.32,-0.94,False
P6_zero_p000,r02,5,terminal_normal_vector_endpoints,0.01,C:\Users\USER\Desktop\Thesis_Final_Control\experiments\results\P6_zero_p000\r02\terminal.log,74b4f17efd615b58900fee05681b01403297fa438d827412192edc7a77089f31,0.68,1.66,0.98,-0.97397862881,0.27,1.58,1.31,-1.31678920945,0,-0,-0,0.0313551344065,0.73,2.29,-0.98,False
P6_zero_p000,r03,5,terminal_normal_vector_endpoints,0.01,C:\Users\USER\Desktop\Thesis_Final_Control\experiments\results\P6_zero_p000\r03\terminal.log,20b311d61b091901bb4dad4af332088f770f9949431216bbfae84c67076d1210,0.68,1.66,0.98,-0.980055999491,0.28,1.59,1.31,-1.31474190489,-0,-0,0,0.0220200238432,0.73,2.3,-0.98,False
A_rot_t1_15,r01,5,terminal_normal_vector_endpoints,0.01,C:\Users\USER\Desktop\Thesis_Final_Control\experiments\results\A_rot_t1_15\r01\terminal.log,685aa4b5f76875efeced7aec0ead4515d047bd10db48b59fa31b253330ce990b,9.3,2.01,-7.29,7.30136195157,0.43,2.56,2.13,-2.19996561641,-0,0,0,0.540110610183,9.31,3.26,7.29,False
A_rot_t1_15,r02,5,terminal_normal_vector_endpoints,0.01,C:\Users\USER\Desktop\Thesis_Final_Control\experiments\results\A_rot_t1_15\r02\terminal.log,8758e53994b8cb8669170db5e2b3b830e379b6f357837bca5448952b83d603b8,9.32,2.05,-7.27,7.27351290434,0.43,2.39,1.96,-1.9908173351,-0,0,0,0.225750979707,9.33,3.15,7.27,False
A_rot_t1_15,r03,5,terminal_normal_vector_endpoints,0.01,C:\Users\USER\Desktop\Thesis_Final_Control\experiments\results\A_rot_t1_15\r03\terminal.log,6dc6b504c39a6d006803048241f0724c20f4b137d9496a40dd90959a839cc1d9,9.33,2.05,-7.28,7.28847347527,0.45,2.62,2.17,-2.20158743304,-0,0,0,0.222995300649,9.34,3.32,7.28,False
A_rot_t1_50,r01,5,terminal_normal_vector_endpoints,0.01,C:\Users\USER\Desktop\Thesis_Final_Control\experiments\results\A_rot_t1_50\r01\terminal.log,393a65f461c073ad451c835903bfb8a6fd1dd2dbd95f6792b76ae20be31a1dbe,9.31,6.55,-2.76,2.75987420452,0.49,2.14,1.65,-1.70132557843,-0,-0,0,0.272157601771,9.32,6.89,2.76,False
A_rot_t1_50,r02,5,terminal_normal_vector_endpoints,0.01,C:\Users\USER\Desktop\Thesis_Final_Control\experiments\results\A_rot_t1_50\r02\terminal.log,df489237a113ea8e75e242e8d5178363d22ffcac002ef8d39cb7a79cb615ac0c,9.31,6.59,-2.72,2.72414747507,0.5,2.18,1.68,-1.7288369376,-0,-0,0,0.269557188505,9.32,6.94,2.72,False
A_rot_t1_50,r03,5,terminal_normal_vector_endpoints,0.01,C:\Users\USER\Desktop\Thesis_Final_Control\experiments\results\A_rot_t1_50\r03\terminal.log,6aa01e953144a208012510618a4a979240129f200af6656e7a7b3e3a4927c0bd,9.31,6.61,-2.7,2.69908266719,0.52,2.22,1.7,-1.7532290084,0,-0,-0,0.24615124716,9.32,6.98,2.7,False
B_trans_t1_0300,r01,5,terminal_normal_vector_endpoints,0.01,C:\Users\USER\Desktop\Thesis_Final_Control\experiments\results\B_trans_t1_0300\r01\terminal.log,d6daded09aa3f323977df0355c6769834fffce323ee09304df66d809988f3021,9.26,1.67,-7.59,7.59557057592,0.48,2.22,1.74,-1.76102349705,0,-0,-0,0.0341313528812,9.27,2.78,7.59,False
B_trans_t1_0300,r02,5,terminal_normal_vector_endpoints,0.01,C:\Users\USER\Desktop\Thesis_Final_Control\experiments\results\B_trans_t1_0300\r02\terminal.log,a24adc83103fc3494a2a83590561bc07f3a0e8ab688e2776198f6e5cd4911391,9.27,1.69,-7.58,7.59448701276,0.5,2.66,2.16,-2.19592559873,0,0,0,0.257740308644,9.28,3.15,7.58,False
B_trans_t1_0300,r03,5,terminal_normal_vector_endpoints,0.01,C:\Users\USER\Desktop\Thesis_Final_Control\experiments\results\B_trans_t1_0300\r03\terminal.log,e1c568769ccc3af69e2e26106d7796c9531133f9fa553722f475f67396ca79c6,9.27,1.69,-7.58,7.59160323826,0.5,2.62,2.12,-2.15706542896,-0,-0,0,0.260863067612,9.28,3.12,7.58,False
B_trans_t1_0800,r01,5,terminal_normal_vector_endpoints,0.01,C:\Users\USER\Desktop\Thesis_Final_Control\experiments\results\B_trans_t1_0800\r01\terminal.log,855346c29e0773faab52ac9765d71998fa6f1ef8412fb3b0e4894004949cabef,9.26,1.68,-7.58,7.59014772139,0.49,2.53,2.04,-2.08192059207,0,-0,-0,0.263636658399,9.27,3.04,7.58,False
B_trans_t1_0800,r02,5,terminal_normal_vector_endpoints,0.01,C:\Users\USER\Desktop\Thesis_Final_Control\experiments\results\B_trans_t1_0800\r02\terminal.log,776929b7105a2834ac20dcec28b6ebd861b78b271b42553af84cb1c5b541adec,9.23,1.69,-7.54,7.54595562054,0.5,2.74,2.24,-2.27832205526,-0,0,0,0.258373684598,9.24,3.22,7.54,False
B_trans_t1_0800,r03,5,terminal_normal_vector_endpoints,0.01,C:\Users\USER\Desktop\Thesis_Final_Control\experiments\results\B_trans_t1_0800\r03\terminal.log,75c78946c62f3970266c41a98eb97be58d0a0baf6f23a56b2bf0d7bee98d62b5,9.24,1.7,-7.54,7.54956028567,0.54,2.87,2.33,-2.37693616716,-0,0,0,0.278754312741,9.25,3.34,7.54,False
P2_t1_pos_m080,r01,5,terminal_normal_vector_endpoints,0.01,C:\Users\USER\Desktop\Thesis_Final_Control\experiments\results\P2_t1_pos_m080\r01\terminal.log,60b5b46516655706307122f587b23806f36ef69d966d48fff6dd55433534f5be,9.28,9.36,0.08,-0.0855953733004,0.53,2.23,1.7,-1.66565867209,-0,-0,0,-0.278028989984,9.29,9.62,-0.08,False
P2_t1_pos_m080,r02,5,terminal_normal_vector_endpoints,0.01,C:\Users\USER\Desktop\Thesis_Final_Control\experiments\results\P2_t1_pos_m080\r02\terminal.log,f9f4e14397b92e02c4ee5dc8e2e617d7b7022fb89f892f607ba03797d560fde8,9.3,9.35,0.05,-0.0459332912439,0.51,2.25,1.74,-1.7024771337,-0,-0,0,-0.296987260776,9.32,9.61,-0.05,False
P2_t1_pos_m080,r03,5,terminal_normal_vector_endpoints,0.01,C:\Users\USER\Desktop\Thesis_Final_Control\experiments\results\P2_t1_pos_m080\r03\terminal.log,c46741ac73bb2c1df691d9e0c9c6957e74c718cefe7df63d3fc336fecf9c9529,9.3,9.33,0.03,-0.0413472245893,0.51,2.24,1.73,-1.70076078992,0,-0,-0,-0.317165149608,9.31,9.6,-0.03,False
P2_t1_pos_m040,r01,5,terminal_normal_vector_endpoints,0.01,C:\Users\USER\Desktop\Thesis_Final_Control\experiments\results\P2_t1_pos_m040\r01\terminal.log,10e091f987104b0da3a6b516f14e920d500160b643ee9f575e03e877e6417a8d,9.27,9.12,-0.15,0.147106581036,0.53,2.26,1.73,-1.71613961452,-0,-0,0,-0.173945434054,9.28,9.39,0.15,False
P2_t1_pos_m040,r02,5,terminal_normal_vector_endpoints,0.01,C:\Users\USER\Desktop\Thesis_Final_Control\experiments\results\P2_t1_pos_m040\r02\terminal.log,9201c682ace8e21339a86e43d72506e096da3de531a5ad54adc22bdcfae2f9ea,9.32,9.06,-0.26,0.252397525359,0.41,1.89,1.48,-1.44781472311,0,-0,-0,-0.313881463705,9.33,9.26,0.26,False
P2_t1_pos_m040,r03,5,terminal_normal_vector_endpoints,0.01,C:\Users\USER\Desktop\Thesis_Final_Control\experiments\results\P2_t1_pos_m040\r03\terminal.log,41884f33b37104e8525bfe8eaa1f276788865daad116f6f5efda797a9f9a11df,9.33,9.2,-0.13,0.125672358719,0.53,2.26,1.73,-1.69324669106,0,-0,-0,-0.293449562147,9.35,9.48,0.13,False
P2_t1_pos_m020,r01,5,terminal_normal_vector_endpoints,0.01,C:\Users\USER\Desktop\Thesis_Final_Control\experiments\results\P2_t1_pos_m020\r01\terminal.log,2f3f72f86646642fe16f2b4c3a687f33c235db5ae630e989af9c5699293ea00b,9.3,8.81,-0.49,0.487544783065,0.51,2.26,1.75,-1.74200375625,-0,-0,0,-0.175619930915,9.31,9.09,0.49,False
P2_t1_pos_m020,r02,5,terminal_normal_vector_endpoints,0.01,C:\Users\USER\Desktop\Thesis_Final_Control\experiments\results\P2_t1_pos_m020\r02\terminal.log,b075f455e80ffc84e58c57b564122f700d78c2017401edc16611eac56ccb15e7,9.34,8.15,-1.19,1.17688160114,0.52,2.31,1.79,-1.75733601023,-0,-0,0,-0.350245440351,9.35,8.48,1.19,False
P2_t1_pos_m020,r03,5,terminal_normal_vector_endpoints,0.01,C:\Users\USER\Desktop\Thesis_Final_Control\experiments\results\P2_t1_pos_m020\r03\terminal.log,510f2a88cc29263881e6ebd3977829dcbf317962dabaebdc6611bd05e6c1fa06,9.34,8.02,-1.32,1.31873117063,0.52,2.33,1.81,-1.76738055635,0,0,0,-0.372961160666,9.36,8.35,1.32,False
P2_t1_pos_m010,r01,5,terminal_normal_vector_endpoints,0.01,C:\Users\USER\Desktop\Thesis_Final_Control\experiments\results\P2_t1_pos_m010\r01\terminal.log,a28de702b4a15b87c49e7bb7c8faa66ad61a67748ef07ef8d718e45f667fcffd,9.32,1.9,-7.42,7.43240673279,0.54,3.14,2.6,-2.63660245726,0,-0,-0,0.177879758928,9.34,3.67,7.42,False
P2_t1_pos_m010,r02,5,terminal_normal_vector_endpoints,0.01,C:\Users\USER\Desktop\Thesis_Final_Control\experiments\results\P2_t1_pos_m010\r02\terminal.log,c076eb1e1e7a58aec70e35d7e9f6fc416f969ea7058ffaabfc17e108be9ea9fd,9.35,1.88,-7.47,7.47330823529,0.55,3.13,2.58,-2.61237288563,0,-0,-0,0.158782770125,9.36,3.65,7.47,False
P2_t1_pos_m010,r03,5,terminal_normal_vector_endpoints,0.01,C:\Users\USER\Desktop\Thesis_Final_Control\experiments\results\P2_t1_pos_m010\r03\terminal.log,14be2c611f2629f8640e9c1093c33443fa93dbdf4e29730ebe965275e3c9ceb0,9.34,1.89,-7.45,7.45662291545,0.52,3.14,2.62,-2.65771882083,0,0,0,0.154166005157,9.35,3.67,7.45,False
P2_t1_pos_p000,r01,5,terminal_normal_vector_endpoints,0.01,C:\Users\USER\Desktop\Thesis_Final_Control\experiments\results\P2_t1_pos_p000\r01\terminal.log,35b004486f64ec5d6272cd4833b4b2ba68d5b59aa9ab43fd9f9f9f76f95b2be0,9.3,1.75,-7.55,7.55852701909,0.53,2.84,2.31,-2.34413145124,-0,-0,0,0.176451310725,9.31,3.34,7.55,False
P2_t1_pos_p000,r02,5,terminal_normal_vector_endpoints,0.01,C:\Users\USER\Desktop\Thesis_Final_Control\experiments\results\P2_t1_pos_p000\r02\terminal.log,978a1b0f9199745f85a2c3e543c3391fba907de17191313a787fb9a0a792a9ce,9.31,1.75,-7.56,7.57541206878,0.53,2.93,2.4,-2.44243054043,-0,-0,0,0.24139040701,9.33,3.41,7.56,False
P2_t1_pos_p000,r03,5,terminal_normal_vector_endpoints,0.01,C:\Users\USER\Desktop\Thesis_Final_Control\experiments\results\P2_t1_pos_p000\r03\terminal.log,7dc2ab34e5b9df2ddc7cab7f8d4eac450d439a78f2208e437da8090ce7b40d1e,9.31,1.75,-7.56,7.57129875953,0.51,2.9,2.39,-2.42765514141,-0,-0,0,0.224738297176,9.32,3.39,7.56,False
P2_t1_pos_p010,r01,5,terminal_normal_vector_endpoints,0.01,C:\Users\USER\Desktop\Thesis_Final_Control\experiments\results\P2_t1_pos_p010\r01\terminal.log,4f7e800bfa0ce22695c2b37f8170e6eef5fd8aca526cfffa7681a6ad59b5bceb,9.33,1.69,-7.64,7.66136210021,0.54,3.08,2.54,-2.57411874261,-0,0,0,0.253624026329,9.35,3.51,7.64,False
P2_t1_pos_p010,r02,5,terminal_normal_vector_endpoints,0.01,C:\Users\USER\Desktop\Thesis_Final_Control\experiments\results\P2_t1_pos_p010\r02\terminal.log,8ab09e263c60e78df5a7cdffa141ebd40c2592d8c5c70c92586917f01fb098ab,9.35,1.68,-7.67,7.67885881943,0.58,3.14,2.56,-2.59351955733,0,-0,-0,0.242526964896,9.36,3.56,7.67,False
P2_t1_pos_p010,r03,5,terminal_normal_vector_endpoints,0.01,C:\Users\USER\Desktop\Thesis_Final_Control\experiments\results\P2_t1_pos_p010\r03\terminal.log,90f415f26d61cdddeed1de293a7313de9862d955dabc4e027b939f51724605ea,9.33,1.67,-7.66,7.67595574514,0.54,3.05,2.51,-2.54363152923,0,0,0,0.256188088159,9.35,3.47,7.66,False
P2_t1_pos_p020,r01,5,terminal_normal_vector_endpoints,0.01,C:\Users\USER\Desktop\Thesis_Final_Control\experiments\results\P2_t1_pos_p020\r01\terminal.log,7456a71298e5f65eae9d6a0943f402ed1362baabda8b960f04dc1b20cc4b81f8,9.32,1.6,-7.72,7.73520320264,0.53,2.82,2.29,-2.32595320403,-0,-0,0,0.243092554592,9.34,3.24,7.72,False
P2_t1_pos_p020,r02,5,terminal_normal_vector_endpoints,0.01,C:\Users\USER\Desktop\Thesis_Final_Control\experiments\results\P2_t1_pos_p020\r02\terminal.log,e380a8f981e47340ad385db5a4af8d1260e151111c79ddd6805ee5b2cea1d0a8,9.32,1.6,-7.72,7.72405230404,0.52,2.84,2.32,-2.36049619367,-0,0,0,0.268396747565,9.33,3.26,7.72,False
P2_t1_pos_p020,r03,5,terminal_normal_vector_endpoints,0.01,C:\Users\USER\Desktop\Thesis_Final_Control\experiments\results\P2_t1_pos_p020\r03\terminal.log,a70bbb971a491558421a4131d4129f150ac0d28d0581074ab00820b4020ec36b,9.31,1.61,-7.7,7.71579714377,0.51,2.82,2.31,-2.35158628121,-0,-0,0,0.281953649636,9.33,3.25,7.7,False
P2_t1_pos_p040,r01,5,terminal_normal_vector_endpoints,0.01,C:\Users\USER\Desktop\Thesis_Final_Control\experiments\results\P2_t1_pos_p040\r01\terminal.log,a99b71f43b7c111a2b8e6f4cb84ac0c2165c953df04b3efaaca4a7e73bdb32c9,9.34,1.49,-7.85,7.87068628515,0.51,2.68,2.17,-2.22159316035,-0,0,0,0.348302764288,9.36,3.07,7.85,False
P2_t1_pos_p040,r02,5,terminal_normal_vector_endpoints,0.01,C:\Users\USER\Desktop\Thesis_Final_Control\experiments\results\P2_t1_pos_p040\r02\terminal.log,71af5faf3ad0413531fe305ef437e4baa965b648e614309234f32f0b8e88b5e1,9.33,1.48,-7.85,7.85882731168,0.52,2.85,2.33,-2.3786176811,-0,-0,0,0.318015817129,9.34,3.22,7.85,False
P2_t1_pos_p040,r03,5,terminal_normal_vector_endpoints,0.01,C:\Users\USER\Desktop\Thesis_Final_Control\experiments\results\P2_t1_pos_p040\r03\terminal.log,d911430e799c40c1e8ceb40e344a29208d567481da0fb36aeb403e95d8332919,9.32,1.47,-7.85,7.86780183274,0.51,2.82,2.31,-2.36076730029,-0,0,0,0.323695174196,9.34,3.18,7.85,False
P2_t1_pos_p080,r01,5,terminal_normal_vector_endpoints,0.01,C:\Users\USER\Desktop\Thesis_Final_Control\experiments\results\P2_t1_pos_p080\r01\terminal.log,0e3852344e17ee1890cb3b7b47ec0412006df22009c2755cafa58f9741e43062,9.3,1.2,-8.1,8.11557442278,0.5,2.88,2.38,-2.41513609647,0,0,0,0.195125306654,9.32,3.12,8.1,False
P2_t1_pos_p080,r02,5,terminal_normal_vector_endpoints,0.01,C:\Users\USER\Desktop\Thesis_Final_Control\experiments\results\P2_t1_pos_p080\r02\terminal.log,21ab3cf12436bf8a93bed21502c8760b8571f67ef5e0ccc6d005ad024c596263,9.31,1.16,-8.15,8.15911875358,0.53,2.89,2.36,-2.39395443679,-0,-0,0,0.188835994457,9.33,3.11,8.15,False
P2_t1_pos_p080,r03,5,terminal_normal_vector_endpoints,0.01,C:\Users\USER\Desktop\Thesis_Final_Control\experiments\results\P2_t1_pos_p080\r03\terminal.log,c5a7dab9705603f95a9c7bef4aeba9314e85469ea33c69425daa635339fd2181,9.31,1.14,-8.17,8.18510964131,0.53,2.88,2.35,-2.37745398649,-0,-0,0,0.176130290916,9.33,3.1,8.17,False
P2_t1_neg_m080,r01,5,terminal_normal_vector_endpoints,0.01,C:\Users\USER\Desktop\Thesis_Final_Control\experiments\results\P2_t1_neg_m080\r01\terminal.log,637237b1ddda891a0db54f87a6a194b27151f83fb1526ab982eb800be67f5015,-9.34,2.18,11.52,-11.5247272932,0.59,1.25,0.66,-0.664933372242,-0,-0,0,-0.123892072261,9.36,2.51,7.16,True
P2_t1_neg_m080,r02,5,terminal_normal_vector_endpoints,0.01,C:\Users\USER\Desktop\Thesis_Final_Control\experiments\results\P2_t1_neg_m080\r02\terminal.log,1d4b6f4ca7545fab7bbd1706d1a5640e40b34bfd6fd50cb64a43b79c4b59c717,-9.34,2.19,11.53,-11.5258491472,0.62,0.89,0.27,-0.287220313725,-0,-0,0,-0.149421900831,9.36,2.36,7.15,True
P2_t1_neg_m080,r03,5,terminal_normal_vector_endpoints,0.01,C:\Users\USER\Desktop\Thesis_Final_Control\experiments\results\P2_t1_neg_m080\r03\terminal.log,8925b5ea5ce3e5806663f72b17d9743aba2b877abf84f1ad60ad1fe4c3a23289,-9.37,2.32,11.69,-11.6931203539,0.6,1.12,0.52,-0.534598549293,-0,0,0,-0.134679258951,9.39,2.57,7.05,True
P2_t1_neg_m040,r01,5,terminal_normal_vector_endpoints,0.01,C:\Users\USER\Desktop\Thesis_Final_Control\experiments\results\P2_t1_neg_m040\r01\terminal.log,edc0befc04425644bb2f2d1c92694f63a27b073c478ce8a32144ec854c221c0c,-9.19,1.97,11.16,-11.1747526929,0.62,2.25,1.63,-1.65398435269,-0,-0,0,-0.271451281164,9.21,2.99,7.22,True
P2_t1_neg_m040,r02,5,terminal_normal_vector_endpoints,0.01,C:\Users\USER\Desktop\Thesis_Final_Control\experiments\results\P2_t1_neg_m040\r02\terminal.log,7c5cca110f91534099b6cd8d8e759599d441e255d35ffff4f3b7b751ade53615,-9.33,2.01,11.34,-11.3454197672,0.58,2.42,1.84,-1.86337043207,-0,-0,0,-0.196776099102,9.35,3.15,7.32,True
P2_t1_neg_m040,r03,5,terminal_normal_vector_endpoints,0.01,C:\Users\USER\Desktop\Thesis_Final_Control\experiments\results\P2_t1_neg_m040\r03\terminal.log,b3c1c812d8bdcb448a0a4d500755e10f68398bdf4c9789feb6db2a8bb4669d61,-9.39,1.98,11.37,-11.3790373212,0.58,2.48,1.9,-1.92975259099,0,0,0,-0.242272231139,9.4,3.18,7.41,True
P2_t1_neg_m020,r01,5,terminal_normal_vector_endpoints,0.01,C:\Users\USER\Desktop\Thesis_Final_Control\experiments\results\P2_t1_neg_m020\r01\terminal.log,068fead6d2303d29541e3acf94a5a450ee2161cfe484064f362e3964080ac911,-9.21,1.85,11.06,-11.0700034938,0.62,2.6,1.98,-2.00380713972,-0,-0,0,-0.166727177978,9.23,3.19,7.36,True
P2_t1_neg_m020,r02,5,terminal_normal_vector_endpoints,0.01,C:\Users\USER\Desktop\Thesis_Final_Control\experiments\results\P2_t1_neg_m020\r02\terminal.log,8a4cfa686f40ba68d338e4ebd477cb4494837fbf57ea57fac9817a11439353d0,-9.33,1.87,11.2,-11.2087401263,0.57,2.64,2.07,-2.08012247271,-0,-0,0,-0.144791983785,9.35,3.23,7.46,True
P2_t1_neg_m020,r03,5,terminal_normal_vector_endpoints,0.01,C:\Users\USER\Desktop\Thesis_Final_Control\experiments\results\P2_t1_neg_m020\r03\terminal.log,ea2316a17f919e47cbeb30fe23b78a6b30d7dde3caa7d40953c6b79735715e4f,-9.38,1.87,11.25,-11.2501410014,0.56,2.72,2.16,-2.1796578992,-0,0,0,-0.127634024722,9.39,3.3,7.51,True
P2_t1_neg_m010,r01,5,terminal_normal_vector_endpoints,0.01,C:\Users\USER\Desktop\Thesis_Final_Control\experiments\results\P2_t1_neg_m010\r01\terminal.log,859eb83bf453e9786c80a162d973ae55d6e03106b037b64e8ab87d72f583c4e9,-9.25,1.81,11.06,-11.0620521848,0.68,2.68,2,-2.02154339228,0,-0,-0,-0.135196044096,9.27,3.24,7.44,True
P2_t1_neg_m010,r02,5,terminal_normal_vector_endpoints,0.01,C:\Users\USER\Desktop\Thesis_Final_Control\experiments\results\P2_t1_neg_m010\r02\terminal.log,da058446cd012741993469784e345b843ea0464830254fac06f1a4341da626e2,-9.32,1.81,11.13,-11.1383196956,0.63,2.73,2.1,-2.11569926352,-0,0,0,-0.12754348094,9.34,3.27,7.51,True
P2_t1_neg_m010,r03,5,terminal_normal_vector_endpoints,0.01,C:\Users\USER\Desktop\Thesis_Final_Control\experiments\results\P2_t1_neg_m010\r03\terminal.log,a137bfc8f5b19bf3e920308db1cd06bba8a7f5ba840ea82f1c6e6b75b0e78e9d,-9.38,1.83,11.21,-11.2086566596,0.59,2.68,2.09,-2.10757950257,-0,0,0,-0.137530785419,9.39,3.24,7.55,True
P2_t1_neg_p000,r01,5,terminal_normal_vector_endpoints,0.01,C:\Users\USER\Desktop\Thesis_Final_Control\experiments\results\P2_t1_neg_p000\r01\terminal.log,ac2bc55b292afae50d303f69f9761abca47285d98577eca1692f88f56762d889,-9.41,1.35,10.76,-10.7575508568,0.5,1.43,0.93,-0.946629870317,-0,-0,0,-0.117648056852,9.42,1.97,8.06,True
P2_t1_neg_p000,r02,5,terminal_normal_vector_endpoints,0.01,C:\Users\USER\Desktop\Thesis_Final_Control\experiments\results\P2_t1_neg_p000\r02\terminal.log,791d4f4da40505831fec10ef33b0b0a3a16c9a1dc667bbc40df8d5e24c3126fa,-9.44,1.43,10.87,-10.8712721513,0.55,1.79,1.24,-1.25997910546,-0,-0,0,-0.139131903516,9.45,2.29,8.01,True
P2_t1_neg_p000,r03,5,terminal_normal_vector_endpoints,0.01,C:\Users\USER\Desktop\Thesis_Final_Control\experiments\results\P2_t1_neg_p000\r03\terminal.log,21fd57c1c2fc21cb04f790c7e7ec4d3ac1701682051cb686390b23b9aefb2566,-9.39,1.46,10.85,-10.8564750449,0.57,1.95,1.38,-1.39434826691,0,-0,-0,-0.102563621022,9.41,2.44,7.93,True
P2_t1_neg_p010,r01,5,terminal_normal_vector_endpoints,0.01,C:\Users\USER\Desktop\Thesis_Final_Control\experiments\results\P2_t1_neg_p010\r01\terminal.log,dca99c1e5b1e7a19e537e6454860c8994c7febcb9e583c5989e8a6f2e86909ae,-9.42,0.69,10.11,-10.1221791435,0.55,2.91,2.36,-2.37509602611,-0,-0,0,-0.0852414403828,9.44,2.99,8.73,True
P2_t1_neg_p010,r02,5,terminal_normal_vector_endpoints,0.01,C:\Users\USER\Desktop\Thesis_Final_Control\experiments\results\P2_t1_neg_p010\r02\terminal.log,36a375f6d285baa5e21a2ad48b85d4f288d01bf1cf6466c9b6b6a9d859ca728c,-9.4,1.04,10.44,-10.4466003415,0.6,3.01,2.41,-2.43412947823,-0,0,0,-0.0925772572501,9.42,3.18,8.36,True
P2_t1_neg_p010,r03,5,terminal_normal_vector_endpoints,0.01,C:\Users\USER\Desktop\Thesis_Final_Control\experiments\results\P2_t1_neg_p010\r03\terminal.log,b5701a84cd1d196d7160a052b47b5928dc2a18d13f6836c82f5b6d81c62d0cb4,-9.43,1.08,10.51,-10.516264464,0.58,3.05,2.47,-2.48744770208,-0,0,0,-0.0842858691115,9.45,3.24,8.35,True
P2_t1_neg_p020,r01,5,terminal_normal_vector_endpoints,0.01,C:\Users\USER\Desktop\Thesis_Final_Control\experiments\results\P2_t1_neg_p020\r01\terminal.log,f8fffe78178c49854896d954644d8e81763512c8a7f1b4aeaf618120676a4fd6,-9.39,-4.46,4.93,-4.93042575326,0.55,2.4,1.85,-1.86542297497,-0,-0,0,0.00204319266685,9.4,5.07,4.93,False
P2_t1_neg_p020,r02,5,terminal_normal_vector_endpoints,0.01,C:\Users\USER\Desktop\Thesis_Final_Control\experiments\results\P2_t1_neg_p020\r02\terminal.log,e57964857d9e0c6226402140e815cb22bce08404d314cb55c2666ca1f4c0d5a8,-9.41,-4.37,5.04,-5.04395851903,0.57,2.34,1.77,-1.78535139193,-0,0,0,-0.0181015382033,9.43,4.96,5.04,False
P2_t1_neg_p020,r03,5,terminal_normal_vector_endpoints,0.01,C:\Users\USER\Desktop\Thesis_Final_Control\experiments\results\P2_t1_neg_p020\r03\terminal.log,6419298f9c8222cdc15e96b30ee74e0c3e50a5fc13a7d3205cbc512420b6fdd7,-9.41,-4.36,5.05,-5.05402354787,0.55,2.32,1.77,-1.78003562658,-0,-0,0,-0.0298573889505,9.42,4.93,5.05,False
P2_t1_neg_p040,r01,5,terminal_normal_vector_endpoints,0.01,C:\Users\USER\Desktop\Thesis_Final_Control\experiments\results\P2_t1_neg_p040\r01\terminal.log,15b9ab823fcbd2a9f72f3d08ccccf4897770208f74328a9a9a2cf41e7b5437c4,-9.35,-9.27,0.08,-0.0745028883548,0.61,2.14,1.53,-1.49105012224,-0,0,0,0.342114789119,9.37,9.51,0.08,False
P2_t1_neg_p040,r02,5,terminal_normal_vector_endpoints,0.01,C:\Users\USER\Desktop\Thesis_Final_Control\experiments\results\P2_t1_neg_p040\r02\terminal.log,19a67a851ad2de46ec9f04a3bcb2180010bd74b5eb4d009640af77df5f97b76d,-9.33,-9.23,0.1,-0.0918806933933,0.63,2.15,1.52,-1.47590909508,-0,-0,0,0.348317323062,9.35,9.48,0.1,False
P2_t1_neg_p040,r03,5,terminal_normal_vector_endpoints,0.01,C:\Users\USER\Desktop\Thesis_Final_Control\experiments\results\P2_t1_neg_p040\r03\terminal.log,6be391c5bc77b86088693f07e69e79a21e359101ffeed5e06485ca76cce12dc3,-9.31,-9.21,0.1,-0.0905220645606,0.61,2.15,1.54,-1.49492142557,-0,0,0,0.3490216304,9.33,9.46,0.1,False
P2_t1_neg_p080,r01,5,terminal_normal_vector_endpoints,0.01,C:\Users\USER\Desktop\Thesis_Final_Control\experiments\results\P2_t1_neg_p080\r01\terminal.log,90c8f9b5b9e9370898aa31d9c6c78212154a328db245400d64051d293a59fc1e,-9.4,-9.54,-0.14,0.146655341923,0.58,2.09,1.51,-1.45782507411,0,0,0,0.354270864803,9.42,9.77,-0.14,False
P2_t1_neg_p080,r02,5,terminal_normal_vector_endpoints,0.01,C:\Users\USER\Desktop\Thesis_Final_Control\experiments\results\P2_t1_neg_p080\r02\terminal.log,9549027e13f64e173044c5fe4b08b6fcba6270bc138e1ba054485ce7593542fd,-9.41,-9.54,-0.13,0.13831916656,0.59,2.07,1.48,-1.44026485156,0,-0,-0,0.330415383129,9.43,9.77,-0.13,False
P2_t1_neg_p080,r03,5,terminal_normal_vector_endpoints,0.01,C:\Users\USER\Desktop\Thesis_Final_Control\experiments\results\P2_t1_neg_p080\r03\terminal.log,52e6049086b6cf2e5162638dc571d1672be1b57144f4f2771e54c6512d8e2010,-9.42,-9.59,-0.17,0.169050884296,0.57,2.04,1.47,-1.42875432892,-0,0,0,0.296067460034,9.44,9.8,-0.17,False
